{
	"version": "0.3.14", 
	"suite": "unknown_suite", 
	"function_id": 1, 
	"function_name": "Sphere", 
	"maximization": false, 
	"algorithm": {"name": "L-SHADE_mirror_1_0.08", "info": "problem id: 1, k components: 20,                 bound_corr: mirror, epsilon: 0.08"},
	"attributes": ["evaluations", "raw_y", "corrected", "cumulative_corrected", "F", "CR", "CS", "ED"],
	"scenarios": [
		{"dimension": 20,
		"path": "data_f1_Sphere/IOHprofiler_f1_DIM20.dat",
		"runs": [
			{"instance": 1, "evals": 20006, "best": {"evals": 19988, "y": 3.671165778718662e-08, "x": [0.2527658307796485, -1.1568645785587335, -0.7240158576584591, 1.9263346584714442, -2.6808419334518296, 0.43916323917691796, -0.11691165750007501, 0.11999008605791267, -1.6376131238470222, -3.0512176922817424, -3.8536333505118914, 2.016050177746728, 1.0864191505741283, -0.08636030664813536, 3.6471895460923105, 2.9087537401775885, -0.12479410047602996, -3.9279776592022078, 2.3624259672975834, 1.3583592298900768]}},
			{"instance": 1, "evals": 20006, "best": {"evals": 19973, "y": 1.6487430702377498e-09, "x": [0.25278710698000895, -1.1567996283254378, -0.7239959967571953, 1.9263954490160253, -2.6807938320875198, 0.43918842698592914, -0.11680857625899316, 0.11999535421732999, -1.6376028538434522, -3.0511896760638813, -3.8535804619224443, 2.0159961838598326, 1.086401127712898, -0.08639772569709794, 3.647201102427053, 2.9088074362337384, -0.12478774459174193, -3.9279805928949574, 2.3624057123754114, 1.358406713990146]}},
			{"instance": 1, "evals": 20006, "best": {"evals": 20003, "y": 2.1366917131332596e-08, "x": [0.2527696544569607, -1.1567877974987004, -0.7239570868534202, 1.9264287136709088, -2.6808001409161144, 0.43922483593704115, -0.11677552353344922, 0.1200087120297126, -1.6375727616557632, -3.051207700716495, -3.8535953957605535, 2.0159838709636935, 1.0863421441616037, -0.08642906063103269, 3.6472240931053244, 2.908733583550753, -0.12475615835424435, -3.928057382618, 2.3624209156968776, 1.358379482314866]}},
			{"instance": 1, "evals": 20006, "best": {"evals": 20002, "y": 3.939246387015881e-08, "x": [0.25279878765612235, -1.1568096234827645, -0.7239732714571658, 1.9262322003183567, -2.6808189901172006, 0.4392083821440901, -0.11680047566643166, 0.12003586836946462, -1.6376342418614211, -3.0511702446228193, -3.8536128917468546, 2.0160254133513362, 1.0864073363364737, -0.08643762959204497, 3.647212015287395, 2.9088039372007763, -0.12482854731065879, -3.9280244976152088, 2.3623471386605996, 1.358399238216866]}},
			{"instance": 1, "evals": 20006, "best": {"evals": 19993, "y": 1.097013074702361e-08, "x": [0.25276246788369755, -1.1567928413422126, -0.7239733708025963, 1.9264095996977804, -2.680818226876964, 0.43925345353597306, -0.11678780510458592, 0.11997453834270591, -1.6376096950916512, -3.0512304222883695, -3.853623315639935, 2.0159940267695697, 1.0864434593837757, -0.08639063292520614, 3.6471999855682347, 2.908819032544288, -0.12480942703662383, -3.9279788856929185, 2.3623845920818103, 1.3583964151349048]}},
			{"instance": 1, "evals": 20006, "best": {"evals": 19985, "y": 4.342802291217635e-09, "x": [0.25280958514490315, -1.1568044010527943, -0.7239881085430745, 1.9264058760552298, -2.6807782940429834, 0.43923549787329447, -0.11678881261038263, 0.11997366624045384, -1.637588081672671, -3.0512039424583364, -3.8536021144592763, 2.0159797845768868, 1.0863937434847548, -0.08639874986903304, 3.647193131190225, 2.9088073861198, -0.1247903316453912, -3.928000377314682, 2.362423072116478, 1.3584129090351875]}},
			{"instance": 1, "evals": 20006, "best": {"evals": 20004, "y": 2.3819530033466328e-08, "x": [0.2528027341336793, -1.156818917941565, -0.7240062097066795, 1.9264085555932142, -2.6807905496423037, 0.4391421983049707, -0.11683542482095476, 0.1200581504644886, -1.637575758930466, -3.0512046310850227, -3.8536442709511998, 2.0159847144740377, 1.0864478433539146, -0.08645407755489198, 3.64713490029147, 2.908819907182506, -0.12479616674346201, -3.9279834866951724, 2.3624448564344065, 1.3583819470865168]}},
			{"instance": 1, "evals": 20006, "best": {"evals": 19990, "y": 6.0209072622526674e-09, "x": [0.25279725351983384, -1.1567929852667094, -0.7239989315906162, 1.926408368057654, -2.680791279697542, 0.4392027473773439, -0.11678008775704683, 0.11999563086793044, -1.637606240073378, -3.0511876236680773, -3.8535829648222304, 2.016006837210666, 1.0863991929821366, -0.08643539782043533, 3.6471697083428243, 2.9088077735128315, -0.12480744279170809, -3.928020825399677, 2.362415662346374, 1.358443573913388]}},
			{"instance": 1, "evals": 20006, "best": {"evals": 19991, "y": 4.507643307560234e-09, "x": [0.2528035365001429, -1.1568128314643817, -0.7240327782065624, 1.9263825045572813, -2.680830466334479, 0.43922312152881304, -0.11680827783545612, 0.11999320114650566, -1.6375851595931437, -3.051199891384948, -3.853594200314388, 2.0160131901052125, 1.086408512989953, -0.08640120707664614, 3.6471819727665538, 2.9087937742555656, -0.12480657856787425, -3.9279891124981705, 2.3623883149126357, 1.358414441217528]}},
			{"instance": 1, "evals": 20006, "best": {"evals": 20001, "y": 2.9367212818653296e-08, "x": [0.25283904229816634, -1.1568506071334181, -0.7239882026572021, 1.926403112797127, -2.680816469388416, 0.4391904346099768, -0.11680698216937045, 0.1200158881585339, -1.6376042216625717, -3.051207026378525, -3.8535946859481514, 2.016049686458636, 1.0863806573814376, -0.08640910534293202, 3.647197752357173, 2.9088493214124016, -0.12484017066081123, -3.9278763207312224, 2.362444595036204, 1.3584105454731672]}}
		]}
	]
}
