{
	"version": "0.3.14", 
	"suite": "unknown_suite", 
	"function_id": 1, 
	"function_name": "Sphere", 
	"maximization": false, 
	"algorithm": {"name": "L-SHADE_mirror_1_0.04", "info": "problem id: 1, k components: 20,                 bound_corr: mirror, epsilon: 0.04"},
	"attributes": ["evaluations", "raw_y", "corrected", "cumulative_corrected", "F", "CR", "CS", "ED"],
	"scenarios": [
		{"dimension": 20,
		"path": "data_f1_Sphere/IOHprofiler_f1_DIM20.dat",
		"runs": [
			{"instance": 1, "evals": 20006, "best": {"evals": 19999, "y": 5.2474739274804604e-08, "x": [0.25282920409077253, -1.1568435834254098, -0.723981538519955, 1.9263449905683983, -2.680880285752449, 0.4393107833966177, -0.11675543253850898, 0.11996135715853168, -1.6375571182434752, -3.0511859298078035, -3.8536844955611578, 2.0160142237986243, 1.0864193256791297, -0.08643591133693587, 3.64726047278511, 2.9088031916005854, -0.12480731487098458, -3.9279349652172484, 2.3624714090481755, 1.3584081256738216]}},
			{"instance": 1, "evals": 20006, "best": {"evals": 20002, "y": 1.4839415396499636e-08, "x": [0.252778973663928, -1.1568016694346428, -0.7240145754104906, 1.9264306314634652, -2.680804274236127, 0.43924984614444335, -0.11679199701086546, 0.1199937917980165, -1.6375897385782787, -3.0511685064444527, -3.853578252913778, 2.0160331857957496, 1.086351473107543, -0.08637141646049877, 3.647195069316649, 2.908816261195313, -0.12480046485514676, -3.928052024770559, 2.362366725694286, 1.3583736877670636]}},
			{"instance": 1, "evals": 20006, "best": {"evals": 20006, "y": 3.8753334222628155e-09, "x": [0.25281240214208134, -1.1567866409205174, -0.7239943471264747, 1.926410356042519, -2.6807867187712726, 0.43920738436914425, -0.11678873892154676, 0.12001272001733057, -1.6375860041206907, -3.0512111614870134, -3.8536007753090655, 2.0159965551916654, 1.086392976001045, -0.0863778249998409, 3.6472069572953085, 2.9087798148277106, -0.12479694156359027, -3.9279720527219513, 2.3623878467068016, 1.3583751731691271]}},
			{"instance": 1, "evals": 20006, "best": {"evals": 19990, "y": 3.9432765236631944e-09, "x": [0.2528134824766072, -1.1567997343171479, -0.7240015806102923, 1.926411762528404, -2.6808229050211803, 0.4391850565240885, -0.11679945785091154, 0.12002728208659608, -1.6375990832779024, -3.0511937975448467, -3.8536082736217687, 2.0159813654661436, 1.0864317443560778, -0.08637907248062499, 3.6471959880918905, 2.9088067407661726, -0.12479536403397093, -3.9280013594463825, 2.362411040422963, 1.3583954634311686]}},
			{"instance": 1, "evals": 20006, "best": {"evals": 20002, "y": 4.9718123892730506e-08, "x": [0.252906123378594, -1.156763091057711, -0.7240010900071646, 1.9264817908480205, -2.680731017646474, 0.4391700850239032, -0.11679754444688416, 0.11990129603384726, -1.6375751275030233, -3.0512081743835067, -3.853576537420875, 2.0159971874813767, 1.0863072078363285, -0.08641862312947116, 3.6471844207568194, 2.9088348000960003, -0.12484498520290853, -3.927964396058624, 2.3623960757364446, 1.3584062640478458]}},
			{"instance": 1, "evals": 20006, "best": {"evals": 20003, "y": 1.1191026875427264e-08, "x": [0.25281959718999847, -1.1568229817964122, -0.7240088916899775, 1.926372242234942, -2.6808173768708685, 0.43920841456056614, -0.11680906425309759, 0.11999352712733563, -1.6376034359809906, -3.0511712730734444, -3.853580747346517, 2.0160046640464544, 1.0863564197091315, -0.08642513155038359, 3.647162539127943, 2.9088012042617257, -0.12474209497452877, -3.9280136116069713, 2.362412798513896, 1.3584080811719685]}},
			{"instance": 1, "evals": 20006, "best": {"evals": 19998, "y": 3.8040846307213126e-08, "x": [0.25280766793169845, -1.1567177020462547, -0.7239915847878536, 1.926427899259327, -2.680828526046566, 0.43915140809404835, -0.11683367477744243, 0.11997898537017301, -1.6375731979529555, -3.0511505201538798, -3.853643568508517, 2.0160009891319337, 1.0864952660127127, -0.0863690336382442, 3.6471648577818785, 2.9087722754797602, -0.12474546703721923, -3.928064876696546, 2.362416039113357, 1.3583673600995265]}},
			{"instance": 1, "evals": 20006, "best": {"evals": 19963, "y": 7.171273273750868e-09, "x": [0.2527796232214548, -1.156797122767202, -0.7239970316998318, 1.926404410464669, -2.680786928735725, 0.43919798961945555, -0.1168049145288165, 0.12000465655968824, -1.6376120395346205, -3.051172460990342, -3.853609273010841, 2.015983087228896, 1.0864088763975666, -0.0863882445084631, 3.647173572948069, 2.908834941912451, -0.12476817752265788, -3.927976464399168, 2.362433160065984, 1.3584205161422052]}},
			{"instance": 1, "evals": 20006, "best": {"evals": 20000, "y": 1.782382080509548e-08, "x": [0.25282827234520466, -1.1568263279899487, -0.7240098257188052, 1.926379274380657, -2.6807954132353085, 0.4391934415643651, -0.11678429324691908, 0.12000359874241343, -1.6375973231081649, -3.0512229635486086, -3.8535888683611055, 2.0159956000722703, 1.086405483324282, -0.08651243945286106, 3.647177586932851, 2.908823279610267, -0.12478024447584869, -3.9280034348827346, 2.362389000968913, 1.3583762570530002]}},
			{"instance": 1, "evals": 20006, "best": {"evals": 20000, "y": 2.825099373343838e-08, "x": [0.2527394791213637, -1.156822076035267, -0.7239642621026965, 1.9264160997410789, -2.6807634819816513, 0.4392310933179852, -0.11679965606335013, 0.11993815744876866, -1.6375712636114632, -3.051243453077566, -3.853613794511978, 2.0160099213960665, 1.0864083247853304, -0.08642566303149249, 3.6471031904188447, 2.908811271109886, -0.12479905560772307, -3.928043253261141, 2.3624319499704325, 1.358382188450962]}}
		]}
	]
}
