{
	"version": "0.3.14", 
	"suite": "unknown_suite", 
	"function_id": 1, 
	"function_name": "Sphere", 
	"maximization": false, 
	"algorithm": {"name": "L-SHADE_mirror_1_0.02", "info": "problem id: 1, k components: 20,                 bound_corr: mirror, epsilon: 0.02"},
	"attributes": ["evaluations", "raw_y", "corrected", "cumulative_corrected", "F", "CR", "CS", "ED"],
	"scenarios": [
		{"dimension": 20,
		"path": "data_f1_Sphere/IOHprofiler_f1_DIM20.dat",
		"runs": [
			{"instance": 1, "evals": 20006, "best": {"evals": 20004, "y": 2.6018649544250883e-08, "x": [0.2527926522864539, -1.1567823581752268, -0.7240377294476567, 1.9264878619924948, -2.6807741842824444, 0.4391949943460629, -0.11680192269135754, 0.11997575901664857, -1.6376898325103841, -3.051231053087155, -3.8536214713162114, 2.015990008286974, 1.0864287711166674, -0.08638016568415395, 3.6472047528524354, 2.908780612633785, -0.12480409654204765, -3.927956904214113, 2.3624357436298693, 1.3583706562159656]}},
			{"instance": 1, "evals": 20006, "best": {"evals": 20001, "y": 1.2365333843131711e-08, "x": [0.25281537429972656, -1.1567777128833499, -0.724025348842875, 1.9263755716554236, -2.680794142526336, 0.4392027840305226, -0.11679641571421281, 0.1200306931548415, -1.637605068622886, -3.051206553982553, -3.85362587750403, 2.016033473512703, 1.0864075971931333, -0.08636277013791296, 3.6471933881871728, 2.9088136943596066, -0.12481951832863751, -3.928001637229605, 2.3624064729091367, 1.358326266554408]}},
			{"instance": 1, "evals": 20006, "best": {"evals": 19998, "y": 4.374630821200229e-08, "x": [0.2527326307242894, -1.1568153267548398, -0.7240898973433717, 1.9264433111876225, -2.6808330392367883, 0.4391410027961224, -0.1168153025124843, 0.11993146076731416, -1.6376195702669099, -3.051147332977523, -3.8535868650079745, 2.016014488068438, 1.0863412139008048, -0.08634917248327048, 3.6472627752629827, 2.908756108739518, -0.12484339380303446, -3.927999103975691, 2.3623721610364856, 1.3583624921382944]}},
			{"instance": 1, "evals": 20006, "best": {"evals": 20000, "y": 6.1364937078054364e-09, "x": [0.2528017171960222, -1.1568129220365617, -0.7239827662200791, 1.9263880297491973, -2.6808050647061235, 0.43921656416989174, -0.11678611956925068, 0.12001065301927304, -1.6376227568905197, -3.0512113804457646, -3.8535984623132453, 2.016018946313717, 1.0864157873972629, -0.08639535986264825, 3.6472122109679566, 2.9087554036805416, -0.12478290902177673, -3.9279777325328444, 2.362420430458687, 1.3583827569060372]}},
			{"instance": 1, "evals": 20006, "best": {"evals": 19982, "y": 9.63974404889329e-10, "x": [0.25279992383773137, -1.156809286600856, -0.7240095338737513, 1.926406238859214, -2.6807946496784836, 0.43919628935598093, -0.11680474336002836, 0.12000142190899914, -1.6375932499177128, -3.0511919032626835, -3.853599839599403, 2.0159936239291016, 1.0863920333078014, -0.08640408255791285, 3.6472046999212995, 2.9087986571218742, -0.12479112787376763, -3.9279878356302684, 2.3623957887764155, 1.358413444094904]}},
			{"instance": 1, "evals": 20006, "best": {"evals": 19979, "y": 5.539862294178614e-08, "x": [0.25298364890920566, -1.156797965894384, -0.7239688904615836, 1.9263881581222237, -2.6808410810107177, 0.43922226152193794, -0.1167670731737319, 0.12003979265889562, -1.6376414712863154, -3.0511747989832103, -3.853633743511076, 2.0160655158849106, 1.0864053996759915, -0.08647440301797386, 3.6471813592332523, 2.9087938813991285, -0.12479105867457506, -3.9280394114360098, 2.3624028320327164, 1.3584182112346606]}},
			{"instance": 1, "evals": 20006, "best": {"evals": 19991, "y": 6.041511134323396e-08, "x": [0.25283658701995537, -1.156829361950005, -0.7239786736451831, 1.9263851119501267, -2.6808091893000636, 0.4391743121243064, -0.11676469508291716, 0.11998957105533606, -1.6375991794859777, -3.0512112286120416, -3.853665465680828, 2.0159680187312503, 1.0863492547833216, -0.08640470263994204, 3.647217626088711, 2.908842907671548, -0.12485371533029137, -3.9279840124713674, 2.3621971673772624, 1.358368820874255]}},
			{"instance": 1, "evals": 20006, "best": {"evals": 20005, "y": 1.299812017122978e-08, "x": [0.25279196119955777, -1.1567623255009, -0.7240229178499998, 1.9264261226557053, -2.6808140452804783, 0.4391863812316303, -0.11681225542150822, 0.11995022805388898, -1.6376100255540804, -3.0511593837449476, -3.853625360672276, 2.0159862686432426, 1.0863623929570487, -0.08640149142416016, 3.64719004497375, 2.908824164311879, -0.12481315669422101, -3.9280022320574663, 2.362351330400156, 1.3583917489809725]}},
			{"instance": 1, "evals": 20006, "best": {"evals": 19998, "y": 9.977271712243247e-09, "x": [0.2527928728308656, -1.1568045283216615, -0.724020734040822, 1.9264233165906364, -2.680765571521182, 0.43919177206193655, -0.11678745416071987, 0.11999986050022228, -1.6375912221757571, -3.051197014255351, -3.8535573720074163, 2.015973944809584, 1.0863753345092053, -0.08635455176245559, 3.6471629823751606, 2.9087951300838477, -0.12478233985350833, -3.9279927658208944, 2.36238059707351, 1.3584114607309923]}},
			{"instance": 1, "evals": 20006, "best": {"evals": 19999, "y": 8.176460519412054e-09, "x": [0.252823559947062, -1.1568146311467784, -0.7239885579734463, 1.9263986776761886, -2.6807734751691292, 0.4391910864975398, -0.11682617705617376, 0.12001224262658543, -1.6375987668491745, -3.051187402449677, -3.853658684711314, 2.0159959564247067, 1.0864058355931858, -0.08641113135166718, 3.64722228924704, 2.908813008928412, -0.12479693374180754, -3.9279655436369385, 2.3624025233645964, 1.358403005687894]}}
		]}
	]
}
